code,system
C10F411,readv2
C108511,readv2
C10F400,readv2
C109412,readv2
C10E500,readv2
C109411,readv2
C108512,readv2
C10E511,readv2
C108912,readv2
C108911,readv2
C10E900,readv2
C10E911,readv2
C10FQ00,readv2
C10EP11,readv2
C10EP00,readv2
C108.12,readv2
C10E.00,readv2
C109.12,readv2
C108.13,readv2
C10F.00,readv2
C109.13,readv2
C10E.11,readv2
C10F.11,readv2
70766,readv2
42762,readv2
42729,readv2
46301,readv2
39070,readv2
47650,readv2
34268,readv2
22884,readv2
45919,readv2
10692,readv2
10418,readv2
18230,readv2
66145,readv2
66872,readv2
93468,readv2
49869,readv2
35385,readv2
46150,readv2
96235,readv2
38161,readv2
18209,readv2
12736,readv2
30323,readv2
64668,readv2
60699,readv2
18642,readv2
65267,readv2
47315,readv2
66965,readv2
41049,readv2
24458,readv2
61829,readv2
18143,readv2
18278,readv2
91943,readv2
25591,readv2
91646,readv2
47816,readv2
49655,readv2
43227,readv2
62352,readv2
758,readv2
47649,readv2
37806,readv2
62209,readv2
98723,readv2
51957,readv2
43921,readv2
24423,readv2
55075,readv2
26054,readv2
63690,readv2
98616,readv2
62107,readv2
62613,readv2
93878,readv2
47409,readv2
18387,readv2
18496,readv2
65704,readv2
64571,readv2
67905,readv2
49949,readv2
12455,readv2
45914,readv2
12640,readv2
68390,readv2
61344,readv2
60107,readv2
53392,readv2
97474,readv2
18777,readv2
17545,readv2
30294,readv2
1549,readv2
44779,readv2
57278,readv2
49146,readv2
21983,readv2
17858,readv2
24836,readv2
55239,readv2
45913,readv2
54899,readv2
42831,readv2
18425,readv2
17859,readv2
47954,readv2
48192,readv2
40682,readv2
60208,readv2
49074,readv2
40837,readv2
47321,readv2
18219,readv2
47582,readv2
69993,readv2
25627,readv2
95992,readv2
34450,readv2
22871,readv2
44982,readv2
95351,readv2
32627,readv2
63017,readv2
58604,readv2
69676,readv2
50813,readv2
1407,readv2
46917,readv2
35288,readv2
61071,readv2
56268,readv2
49554,readv2
85991,readv2
91942,readv2
51756,readv2
59253,readv2
54008,readv2
59725,readv2
93727,readv2
36633,readv2
18264,readv2
97446,readv2
18390,readv2
50527,readv2
70316,readv2
50225,readv2
97894,readv2
62674,readv2
60796,readv2
68105,readv2
18683,readv2
95343,readv2
46850,readv2
N083,readv2
C10F611,readv2
C109612,readv2
C10E700,readv2
C10F600,readv2
C108712,readv2
C10E711,readv2
C108711,readv2
C109611,readv2
H360,readv2
C10F711,readv2
C10E800,readv2
C108811,readv2
C108812,readv2
C10F700,readv2
C109712,readv2
C109711,readv2
C109511,readv2
C109512,readv2
C10F500,readv2
C10E600,readv2
C10E300,readv2
C10F300,readv2
C10F311,readv2
C10E311,readv2
C109F11,readv2
C10FF00,readv2
C109F12,readv2
C10EG00,readv2
C108012,readv2
C109012,readv2
C109011,readv2
C108011,readv2
C10F011,readv2
C10F000,readv2
C10E000,readv2
C109211,readv2
C10F200,readv2
C10E200,readv2
C10F211,readv2
C109212,readv2
C108212,readv2
C108211,readv2
C109B11,readv2
C10EC00,readv2
C10EC11,readv2
C10FB00,readv2
C10FB11,readv2
G632,readv2
C10EA11,readv2
C108A11,readv2
C10F911,readv2
C10F900,readv2
C10EA00,readv2
C108411,readv2
C10E411,readv2
C10E400,readv2
C108412,readv2
C10FA11,readv2
C10EB00,readv2
C10FA00,readv2
C109A11,readv2
G590,readv2
C108J11,readv2
C109H11,readv2
C108J12,readv2
C10EJ00,readv2
C10FH00,readv2
C109H12,readv2
C10FC00,readv2
C109C11,readv2
C108D11,readv2
C10ED00,readv2
C109C12,readv2
C108H11,readv2
C10FG00,readv2
C10EH00,readv2
C109G11,readv2
C109G12,readv2
M142,readv2
C108F11,readv2
C10FE11,readv2
C10FE00,readv2
C109E12,readv2
C109E11,readv2
C10EF00,readv2
H280,readv2
C10FD00,readv2
C10EE00,readv2
C108E12,readv2
C109D12,readv2
C109D11,readv2
C10FD11,readv2
C108E11,readv2
C10FM00,readv2
C10EL00,readv2
C10FM11,readv2
C109112,readv2
C10E100,readv2
C10F100,readv2
C109111,readv2
C10EK00,readv2
C10FL00,readv2
C10FL11,readv2
C10FR00,readv2
C10EQ00,readv2
C10FJ11,readv2
C10FJ00,readv2
C109J00,readv2
C109J12,readv2
O240,readv2
O241,readv2
E10,readv2
E11,readv2
C10FK00,readv2
C109K00,readv2
C10EN00,readv2
C10FP00,readv2
C10EN11,readv2
C10EM00,readv2
C10EM11,readv2
C10FN00,readv2
E13,readv2
O243,readv2
E14,readv2
O242,readv2
E12,readv2